词汇,释义
a,art. 一; 一个; 件
act,v. 行动; 做动作 vt. 扮演 vi...
and,conj. 和; 与
are,v. 是(be的第二人称单数现在时)
bag,n. 书包; 提包; 袋子
book,vt. 登记入册; 预订(票等); 预约...
close,adj. 接近的; 亲近的; 亲密的 v...
down,adv. 向下; 在下面; 往南 pre...
fine,adj. 好的; 细微的; 细致的; 精...
for,prep. [表示对象]为; 供
good,adj. 好的; 善良的; 擅长…的 n...
I,pron. (主格)我
learn,v. 学习; 学; 学会
morning,n. 早上
my,pron. 我的
open,adj. 开着的; 开放的; 营业中的;...
stand,vi. 站立; 位于; 经受 n. 台;...
take,v. 拿; 乘车; 船等
talk,v. 谈话 n. 讲话; 会谈
teacher,n. 教师; 老师
thank,vt. 谢谢; 感谢 n. 感谢
to,prep. 向; 到; 给…; 往
unit,n. (教学)单元
up,adv. 向上 prep. 向上游
five,num. 五; 五个; 第五
four,num. 四; 四个; 第四
give,v. 给; 产生
many,adj. 很多的
me,pron. 我(I的宾语)
number,n. 号码; 数字
one,num. 一 pron. 一个(只)(表...
this,pron. 这个
three,num. 三; 三个
tree,n. 树; 树木; 语法树
two,num. 二; 两个 n. 两个(人或物...
can,vt. 把…装罐 aux.&v. 能; ...
dance,v. 跳舞; 舞蹈
draw,vt. 画; 划; 拖; 拉 vi. 移...
hand,n. 手
jump,v. 跳; 跳跃 vt. 跳过 vi. ...
old,adj. 年老的; 旧的; …岁的
write,v. 写; 书写; 写字; 写作
ear,n. 耳朵
eye,n. 眼睛; 眼力; 鉴赏力
face,vt. 面向; 面临; 面对 n. 脸;...
mouth,n. 嘴; 口; 口腔
nose,n. 鼻子
taste,vt. 尝; 辨(味); 品尝; 体验 ...
toe,n. 脚趾; 足尖; (鞋、袜的)足尖部
touch,vt. 碰; 触摸; 接触
wave,v. 挥舞; 挥动
apple,n. 苹果; 苹果树
feel,v. 触摸; 感觉
fruit,n. 水果; 果实; 成果; 结果
is,v. 是(be的第三人称单数现在时)
it,pron. 它
lemon,n. 柠檬(树); 柠檬黄; 淡黄色
melon,n. (各种)瓜; 甜瓜; 瓜; 西瓜
no,adj. 没有 adv. 不; 不是; ...
not,adv. 不; 不是; 不会; 没有
orange,adj. 橙色的; 桔色的 n. 橘子;...
that,adj.&pron. 那; 那个
the,det. 起限定作用的冠词; 定冠词 a...
what,adj. 什么… pron. 什么
autumn,n. 秋天; 秋季
bean,n. 豆子; 豆类物; 豆; 蚕豆
leaf,n. 树叶; 叶子
look,vi. 看; 瞧; 打量; 看起来 n....
moon,n. 月球; 月亮; 卫星
mooncake,n. 月饼
taro,n. 芋
wash,vt. 洗; 洗涤; 冲 vi. 洗手(...
family,n. 家庭
father,n. 爸爸; 父亲
get,v. 有; 得到; 买到; 收到
mother,n. 母亲; 妈妈
balloon,vi. 如气球般膨胀 n. 气球
bicycle,n. 自行车; 两轮脚踏车
doll,n. 洋娃娃; 玩具娃娃
go,v. 去; 到
little,adj. 小的; 年幼的
tongue,n. 舌头; 语言; 口语
tongue-twister,n. 绕口令
aunt,n. 阿姨; 姑妈等
card,n. 卡片; 名片; 纸牌
fold,v. 折叠; 折起来; 合拢 n. 褶;...
grandfather,n. 祖父; 外祖父
grandmother,n. 祖母; 外祖母
like,v. 希望; 想要 vt. 喜欢; 喜爱...
new,adj. 新的; 没经验的; 重新开始的...
try,v. 试; 努力; 尝试; 试图
uncle,n. 叔叔; 伯父等
very,adv. 很; 十分; 非常
well,adv. 好地; 满意地; 健康的 in...
bee,n. 蜂; 蜜蜂; 忙碌的人
bird,n. 鸟; 禽类
butterfly,n. 蝴蝶; 时髦的人
do,vt. 做; 干; 办; 从事 vi. ...
frog,n. 青蛙; 蛙; 蛙类动物
nine,num. 九; 九个
ten,num. 十; 十个(人或物)
brown,adj. 褐色的; 棕色的
colour,v. 涂颜色
green,adj. 绿色的; 青色的
in,prep. 在…里面; 在; 在…情况;...
kite,n. 风筝; 空头支票
orange,adj. 橙色的; 桔色的 n. 橘子;...
out,adj. 外面的; 往外去的 adv. ...
fireman,n. 消防员; 消防队员; 司炉工
follow,v. 跟随; 跟着
goodbye,再见(全)
milkman,n. 送牛奶的人; 卖(送)奶人
tall,adj. 高的; 身材高的; 有…高的
turn,v. 转向; 转弯; 变为; 圈 vt....
all,adj. 一切的; 所有的; 全部的 p...
cook,v. 烹调; 煮; 烧 n. 炊事员; ...
doctor,vt. 医治 n. 医生; 博士
listen,vi. 听; 听从
nurse,v. 护理; 养育; 喂奶 n. 保姆;...
tell,v. 告诉; 讲述; 吩咐
farmer,n. 农民; 农夫; 农场主; 牧场主
fat,adj. 肥胖的 n. 脂肪
fisherman,n. 渔民; 渔夫; 捕鱼人
they,pron. (主格)他们; 她们; 他们...
coke,n. 可口可乐
ice-cream,n. 冰淇淋
jelly,v. 结冻 n. 果冻; 胶状物
milk,v. 挤奶 n. 牛奶; (植物流出的)...
drink,v. 喝; 饮 n. 饮料; 酒
eat,vt. 吃; 喝 vi. 吃饭; 吃东西
fish,v. 捞取; 探听 vi. 钓鱼 n. ...
juice,n. 果汁; 汁; 液
meat,n. (食用)肉类
noodle,n. (常用复数)面条; 傻瓜; 笨蛋
bin,n. 箱子(贮藏食物等用的); 垃圾箱;...
park,vt. 停放; 停放车辆 n. 公园; ...
road,n. 道路; 公路
building,n. 建筑物; 房屋; 大楼; 建筑
Shanghai,n. 上海
apple,n. 苹果; 苹果树
bird,n. 小鸟
biscuit,n. (英)饼干; (美)软饼
hot dog,n. 热狗(红肠面包)
juice,n. 果汁; 汁; 液
water,v. 浇水 vt. 给…浇水; 垂涎 n...
cat,n. 猫
dog,n. 狗
run,v. (使)跑; 奔跑; 行驶; 运转
sleep,v. 睡觉
swim,vt. 游过 vi. 游泳; 充满; 充...
egg,n. 蛋; 卵; 鸡蛋
fish,v. 捞取; 探听 vi. 钓鱼 n. ...
ferry,vt. 运送 n. 渡船; 渡口
train,v. 训练; 培养; 培训 vi. 受训...
taxi,v. [指飞机](使)滑行 n. 出租车...
car,n. 汽车; 小汽车; 轿车
bus,n. 公共汽车; 总线; 信息通路
van,n. 面包车; 箱式送货车
girl,n. 女孩子; 姑娘; 女儿
hand,n. 手
light,adj. 光; 光线; 点燃; 轻的
go,vi. 去; 走; 离去; 变为
fast,adv. 快速地 adj. 快的
slow,adj. 慢慢的; 慢的; 迟钝的; 不...
ice-cream,n. 冰淇淋
jelly,v. 结冻 n. 果冻; 胶状物
on,adv. 向前; 靠近; 临近; 进展 ...
under,adv. 在下面; 少于 prep. 在...
bell,n. 钟; 铃; 钟声; 铃声
star,n. 星星; 明星
present,adj. 出席的; 提供; 上演; 介绍...
tree,n. 树; 树木; 语法树
kite,n. 风筝; 空头支票
glove,n. (一只)手套
scarf,n. 围巾; 头巾; 领带
winter,n. 冬天; 冬季
cold,adj. 冷的; 寒冷的 n. 感冒; ...
wind,v. 蜿蜒; 缠绕 n. 风(向)
snow,v. 下雪 n. 雪
belt,n. 带; 腰带; 皮带; 区
sock,n. 袜子; 短袜
shirt,n. (男式)衬衫
dress,v. 穿衣; 打扮; 给…穿衣 n. 服...
coat,n. 上衣; 外衣; 外套; 表皮
moon,n. 月球; 月亮; 卫星
hen,n. 母鸡; 雌禽
chick,n. 小鸡
duck,n. 鸭子; 鸭; 鸭肉
cow,n. 乳牛; 母牛; 奶牛; 母兽
sheep,n. 羊; 绵羊; 易受人摆布的人
pig,n. 猪; 小猪; 野猪; 猪肉
nose,n. 鼻子
orange,adj. 橙色的; 桔色的 n. 橘子;...
bear,v. 具有; 记(在心里); 粗鲁的人;...
elephant,n. (动物)象
tiger,n. 老虎
monkey,n. 猴子; 猿
panda,n. 熊猫; 猫熊
pencil,n. 铅笔
quilt,n. 被子; 被褥
door,n. 门; 门口; 出入口; 门状物
bed,n. 床
room,n. 房间; 卧室; 空间; 地方
sofa,n. 长沙发; 沙发
table,vt. 搁置; 提交讨论 n. 桌子; ...
lamp,n. 灯; 油灯; 光源
rubber,n. 橡皮擦
sweet,adj. 甜的 n. 糖果
skip,vi. 跳绳
swing,v. 荡秋千 n. 秋千
climb,v. 攀登; 爬 n. 攀登; 爬; 攀...
fly,vt. 驾驶(飞机); 放(风筝); 飘...
ride,v. 坐车; 乘车; 骑(马、自行车、摩...
tree,n. 树; 树木; 语法树
umbrella,n. 雨伞; 伞
dirty,adj. 脏的; 肮脏的; 卑鄙的; 下...
wash,vt. 洗; 洗涤; 冲 vi. 洗手(...
towel,n. 毛巾; 手巾
soap,n. 肥皂(不可数名词)
toothbrush,n. 牙刷
toothpaste,n. 牙膏
van,n. 面包车; 箱式送货车
wind,v. 蜿蜒; 缠绕 n. 风(向)
plate,n. 盘子; 碟子
glass,n. 玻璃杯; 玻璃
fork,n. 叉子; 叉; 餐叉
knife,n. 刀子; 小刀
spoon,n. 匙; 汤匙; 调羹
chopsticks,n. (通常用复数)筷子
X-ray,n. Ｘ射线; Ｘ光; X射线; X光(...
sun,vt. 晒太阳 n. 太阳; 日
cloud,n. 云; 云状物; 一大群
hot,adj. 热的; 炎热的; 辣的; 急躁...
beach,n. 海滩; 沙滩
shell,vt. 剥…的壳; 炮击 n. 壳; 贝...
sand,vt. (尤指用沙纸)磨光 n. 沙; ...
yellow,adj. 黄的; 黄色的 n. 黄色
clock,vt. 计时 n. 时钟
day,n. 天; 日; 白天; 一天
night,n. 晚上; 夜晚; 夜空
breakfast,vi. 吃早饭 n. 早饭; 早餐
lunch,n. 午餐; 午饭; 便餐
dinner,n. 餐; 饭; 正餐; 晚餐
zoo,n. 动物园
how,adv. 怎样; 如何; 多少
grandma,n. 祖母(奶奶); 外祖母(外婆)
see,v. 看见; 看到; 看出; 明白
you,pron. 你; 你们; 一个人; 任何...
insect,n. 昆虫
name,v. 命名; 给…取名 n. 姓名; 名...
pencil,n. 铅笔
rubber,n. 橡皮; 橡胶; 合成橡胶
ruler,n. 统治者; 尺子; 直尺
your,pron. 你的; 你们的
blackboard,n. 黑板
box,n. 盒子; 箱子 vi. 拳击; 打耳...
clean,adv. 完全的 adj. 清洁的; 干...
eight,num. 八
jam,v. 堵塞; 使卡住; 挤满 n. 拥挤...
late,adj. 迟的; 晚的
lion,n. 狮子
mouse,n. 老鼠; 鼠; 耗子; 胆小怕事的人
school,n. 学校; 学院; 学派
seven,num. 七; 七个(人或物)
six,num. 六; 六个(人或物)
big,adj. 大的; 重要的; 宽宏大量的;...
bow,v. 鞠躬; 点头; 用弓拉琴 n. 弓...
boy,n. 男孩子; 儿子
queen,n. 皇后; 女王
rain,v. 下雨; 降雨 n. 雨
she,pron. (主格)她
short,adv. 突然; (of)缺乏; 不足 ...
small,adj. (指体积、数量)小的
sun,n. 太阳; 日光
long,adj. 长的; 长久; 长时间的; 长...
rabbit,n. 兔子; 野兔
sister,n. 姐妹; 姐; 妹; 护士长
tail,vt. 尾随; 跟踪 n. 尾巴; 尾部...
we,pron. 我们主格; 宾语是us
yellow,adj. 黄色的
zebra,n. 斑马; 人行道
clap,v. 拍手; 拍; 轻拍 vi. 拍手;...
classroom,n. 教室; 课堂
crayon,v. 用颜色蜡笔画 n. 蜡笔; 彩色粉...
hall,n. 大厅; 礼堂; 会堂; 办公大楼
library,n. 图书馆; 藏书; 文库
office,n. 办公室; 办事处; 部; 处
pen,n. 钢笔; (用有颜色液体书写的)笔
playground,n. 操场; 运动场
this,pron. 这个
toilet,n. 厕所; 盥洗室; 抽水马桶
circle,n. 圆圈; 圆形
flower,vi. 开花 n. 花; 花卉
pear,n. 梨子; 梨树
shape,vt. 使成形; 塑造; 实现 n. 样...
square,adj. 正方形的; 平方的 n. 广场...
star,n. 星星; 明星
triangle,n. 三角; 三角铁(一种打击乐器)
boat,n. 船; 小船; 筏子
colour,n. 颜色（=color）
point,v. 指(向); 意义; 目的 n. 尖...
red,adj. 红色的 n. 红色; 红衣服
slide,n. 滑梯
swing,v. 摇摆; 摇荡; 回转; 旋转 n....
that,adj.&pron. 那; 那个
gate,n. 大门; 城门; 出入口
pig,n. 猪; 小猪; 野猪; 猪肉
shoe,n. 鞋子
head,v. 向某处走去 n. 头; 头部
ladybird,n. 瓢虫
leg,n. 腿; 腿部; 支柱; (旅程的)一...
plant,v. 种植 n. 植物; 工厂
root,n. (植物的)根
camera,n. 照相机; 摄影机; 摄像机
egg,n. 蛋; 卵; 鸡蛋
photograph,v. 拍照 n. 照片; 相片
pink,adj. 粉色的; 粉红色的 n. 粉红...
sandwich,v. 夹入; 挤入 n. 三明治(夹心面...
sweet,adj. 甜的 n. 糖果
cut,vt. 切; 割; 剪; 减少 n. 伤...
grey,adj. 灰色的 vi. 变成灰色 n....
hair,n. 头发; (动物的)毛发
make,vt. 做; 制造; 使得
mask,vt. 掩饰 vi. 戴面具; 参加化装...
mirror,vt. 反映; 反射 n. 镜子
paper,n. 纸; 报纸; 考卷
spin,v. 使旋转
spinner,n.纺纱机； 纺纱工； （钓鱼用）旋式诱...
toothpick,n. 牙签
cup,n. 杯子; 茶杯
dot,n. 小圆点
drill,n. 钻孔器
hole,n. 洞; 孔眼; 裂开处
join,v. 参加; 加入; 联合; 连接
roof,vt. 给…覆以屋顶; 覆盖 n. 房顶...
street,n. 街道; 马路
telephone,n. 电话; 电话机
pineapple,n. 凤梨; 菠萝
rough,adj. 表面不平的; 粗略的; 粗糙的...
smooth,adj. 平滑的
soft,adj. 柔软的; 温和的; 软的; 柔...
toy,n. 玩具; 玩物
nice,adj. 好看的; 令人愉快的
prawn,n. 对虾; 明虾
smell,v. 闻起来; 嗅; 闻到; 散发(…的...
sour,adj. (发)酸的; 酸的; 脾气坏的...
strawberry,n. [植]草莓
sweet,adj. 甜(味)的
lizard,n. 蜥蜴; 壁虎
snake,n. 蛇
button,n. 按钮; 钮扣
foil,v. 阻挠; 挫败 n. 箔; 金属薄片...
glue,vt. 胶合 n. 胶; 胶水
robot,n. 机器人; 自动机
skateboard,(底下装有小轮的)滑板; 溜冰板
stick,v. 粘; 粘住; 粘贴
super,adj; 极好的; 特大的
these,pron. 这些
wolf,n. (［复］wolves)狼; 贪婪的...
dress,v. 穿衣; 打扮; 给…穿衣 n. 服...
mountain,n. 山; 山脉
purple,adj. 紫色的; 紫红色的 n. 紫色...
rainbow,n. 彩虹
sea,n. 大海; 海; 海洋; 大浪
shirt,n. 男衬衫
sky,n. 天空; 天色; 气候
violet,adj. 紫罗兰色的; 紫色的 n. 紫...
lorry,n. 货车
loud,adj. 大声的; 响亮的; 吵闹的; ...
noise,n. 响声; 声音
parrot,n. 鹦鹉; 应声虫
quiet,adj. 安静; 寂静
radio,v. 用无线电通讯 n. 无线电; 收音...
raindrop,n. 雨点; 雨滴
television,n. 电视; 电视机
cool,adj. 凉的; 凉快的; 凉爽的
grow,v. 成长; 种植
her,pron. 她的; 她(宾格)
nest,n. 鸟窝; 巢
scarf,n. 围巾; 头巾; 领带
season,n. 季; 季节; 时节
shell,vt. 剥…的壳; 炮击 n. 壳; 贝...
shine,v. 照耀; 发光; 擦亮 vi. 照耀...
spring,v. 跳; 跃 vi. 出现; 生长; ...
summer,adj. 夏季的 n. 夏天; 夏季
today,n.&adv. 今天; 现在
warm,adj. 暖和的; 温暖的; 热情的; ...
wet,adj. 潮湿的; 多雨的
classmate,n. 同班同学
cook,v. 烹调; 烧煮
dive,vi. 跳水; 潜水; 俯冲; 扑
paint,v. 画画; 油漆 vt. (用油漆等)...
read,v. 阅读; 朗读
run,v. (使)跑; 奔跑; 行驶; 运转
sing,v. 唱; 唱歌; 鸣叫
swim,vt. 游过 vi. 游泳; 充满; 充...
eleven,num. 十一; 十一个
from,prep. 从…来
picture,n. 图画; 图片; 照片
ride,v. 坐车; 乘车; 骑(马、自行车、摩...
bring,vt. 带来; 拿来
dentist,n. 牙科医生; 牙医
engine,n. 发动机; 引擎; 机车; 火车头
fire,n. 火; 火警; 火灾
man,n. 男人; 人; 人类
policeman,n. 男警察; 警察 [复数]polic...
policewoman,n. 女警官; 女警察
postman,(美mailman) n. 邮递员
shop assistant,营业员
waiter,n. (餐馆的)男服务员; 侍者; 服务...
finger,n. 手指; 指头
foot,n. 脚; 英尺(复数feet); 底部
knee,n. 膝部; 膝盖
round,adv. 周围 adj. 圆的; 球形的
shoulder,vt. 承担; 肩负 n. 肩膀
angry,adj. 生气的; 愤怒的
full,adj. 满的; 饱
tired,adj. 疲累的; 疲劳的; 累的; (...
brave,adj. 勇敢的 v. 勇敢地面对(危险...
sharp,adj. 锐利的; 锋利的
strong,adj. 强壮的; 坚固的
hoop,n. 球; 圈; 箍; (孩子玩的)铁环
rope,vt. 用绳捆或扎 n. 绳子; 绳; ...
thirteen,num. 十三; 十三个(人或物)
twelve,num. 十二; 十二个
butter,vt. 抹黄油于 n. 黄油; 奶油
chocolate,n. 巧克力; 巧克力糖; 深褐色
coffee,n. 咖啡(色)
crisp,adj. 脆的; 松脆的; 干脆的 v....
flour,n. 面粉; 粉; 粉状物质
large,adj. 大的; 巨大的
some,adj. 一些; 若干 det. 一些;...
sugar,vt. 加糖于 n. 糖; 食糖
supermarket,n. 超市; 超级市场; 超级自选商场
feed,v. 喂养; fed; fed vt. ...
fountain,n. 泉水; 喷泉; 源泉
grass,n. 青草; 草; 草地
on,adv. 向前; 靠近; 临近; 进展 ...
pick,v. 采; 摘; 拣; 捡
pond,n. 池塘; 鱼塘
sketch-book,n. 随笔集; 写生薄; 素描簿
sunglasses,太阳镜 n. 太阳眼镜; 墨镜
corn,n. 谷类; 玉米
everywhere,adv. 到处; 无论哪里; 各处; 无...
hay,n. 干草堆; (用作饲料的)干草
leave,vt. 离开; 把…留给
rubbish,n. 垃圾; 废物; 废话; 胡说八道
sheep,n. 羊; 绵羊; 易受人摆布的人
stone,n. 石头; 石块; 宝石
throw,v. 投; 掷; 扔
its,pron. [it的所有格]它的
log,n. 圆木; 干柴
moth,n. 飞蛾; 蛾; 蛀虫
stalk,vt. 悄悄地跟踪 vi. 高视阔步地走...
trunk,n. 象鼻; 树干; 大衣箱; 皮箱
question,n. 问题
brush,n. 刷子; 毛笔
felt pen,n. 毡头笔; 水笔
paint,n. 涂料; 颜料
sleep,v. 睡觉
these,pron. 这些
thick,adv. 厚; 浓; 密 adj. 厚的...
thin,adj. 瘦的; 薄的; 细的
those,pron. 那些
behind,adv. 在后面 adv.&prep. ...
beside,prep. 在…旁边; 在…附近; 和…...
drum,n. 鼓; 鼓状物; 圆桶
each,adj. 各自的; 每 pron. 每一...
guitar,n. 吉他; 六弦琴
music,n. 音乐; 乐曲; 乐谱
piano,adj.&adv. 柔软的(地) n. ...
play,v. 玩; 做游戏; 打球; 参加比赛 ...
recorder,录音(像)机 n. 录音机; 记录器; ...
violin,n. 小提琴(手)
donkey,n. 驴子; 蠢人; 顽固的人
put,v. 放; 贴
sit,vt. 使就坐 vi. 坐; 坐下; 位...
blind,adj. 瞎的; 盲的; 盲目的 vt....
fox,vt. 使困惑; 欺骗; 使变酸 n. ...
grape,n. 葡萄; 葡萄藤
kitchen,n. 厨房; 灶间
lemon juice,n. 柠檬汁
lime juice,n. 酸橙汁
orange juice,n. 橘子汁; 橘汁
shop,vi. 购物 n. 商店; 店铺; 车间...
children,n. 孩子们(child的复数形式)
class,n. 班级; 课; 上课; 阶级
dig,v. 挖; 掘; 探究
mop,v. 拖地板 n. 拖把
pet,n. 爱畜; 宠物; 受宠爱的人
shake,n.&v. 摇动; 摇; 颤抖; 震动 ...
bedroom,n. 寝室; 卧室; 卧房
dining-room,n. 饭厅; 餐厅
help,v. 帮助
puzzle,n. 难题; 拼字(图)游戏
restaurant,n. 酒店; 餐馆
rock,n. 岩石; 大石头
sitting-room,n. 客厅; 起居室
soldier,n. 士兵; 军人; 指挥官
spaceship,n. 宇宙飞船; 太空船
thirty,num. 三十; 三十个(人或物)
twenty-one,num. 二十一
dish,n. 碟子; 盘子
drive,v. 驾驶车
dry,v. 弄干
homework,n. 家庭作业
letter,n. 信; 字母
motorbike,n. 摩托车或有发动机的自行车
pilot,n. 飞行员; 引航员
singer,n. 歌唱家; 歌手
student,n. 学生; 学员
watch,v. 观看; 注视; 观察; 见识 n....
afternoon,n. 下午; 午后
at,prep. 在…方面; 在; 于; 向
bench,n. 板凳; 长椅; 长凳; 工作台
between,prep. 在…中间
collect,v. 收集; 采集
evening,n. 晚上; 傍晚; 黄昏
football,n. 足球
near,adj. 近的 prep. 靠近; 在…...
sail,n. 驾(船); 航行
temple,n. 庙宇; 寺院; 太阳穴
top,n. 顶部; (物的)上面
thunder,n. 雷电; 雷声
August,n. 八月
back,adv. 回原处; 回去 adj. 后面...
cloudy,adj. 多云的; 阴天的
December,n. 十二月
duckling,小鸭子(鸭仔)
February,n. 二月
Friday,n. 星期五
January,n. 一月; 正月
July,n. 七月
June,n. 六月
march,v. 行进; 行程; 行军; 进行曲 n...
may,v. 可以; 可能; 也许; 祝 n. ...
Monday,n. 星期一
month,n. 月; 月份
November,n. 十一月; 11月(月份名称大写)
now,adv. 现在; 当时; 立刻 conj...
October,n. 十月
rainy,adj. 下雨的; 多雨的
Saturday,n. 星期六
September,n. 九月
Sunday,n. 星期日; 星期天
sunny,adj. 阳光充足的; 阳光明媚的
swan,vi. 闲荡; 游荡 n. 天鹅
Thursday,n. 星期四
Tuesday,n. 星期二
ugly,adj. 难看的; 丑陋的; 讨厌的; ...
Wednesday,n. 星期三
week,n. 星期; 周; 工作周
windy,adj. 多风的; 有风的; 风大的
cross,v. 横穿
road,n. 路; 马路
smoke,v. 吸烟; 冒烟 n. 烟
station,n. 车站; 所; 站
stop,vi. 阻止; 停止; 逗留; 中断 n...
traffic light,交通指挥灯; 红绿灯; 交通灯; 红绿灯
list,n. 清单; 一览表; 名单; 目录
picnic,vi. (去)野餐 n. 野餐; 郊游
rice,n. 米饭; 稻; 米; 饭
tape,n. 胶带; 录音带
vegetable,n. 蔬菜; 植物
but,conj. 但是; 可是
buy,v. 买; 购买; 收买
cheap,adj. 便宜的; 廉价的; 低劣的; ...
dear,adj. 昂贵的; 贵的
hour,n. 小时; 钟点; 时刻; 课时
salt,vt. 加盐于 n. 盐; 盐类
sock,n. 袜子; 短袜
spoon,vt. 用匙舀 n. 匙; 调羹; 勺;...
start,vt. 开始; 开动 vi. 开始; 动...
term,vt. 称为 n. 学期; 期限; 术语...
uniform,adj. 一致的; 一律的 n. 制服;...
wear,v. 穿着; 戴着; 磨损; 用旧 n....
home,adv. 回家; 在家 n. 家庭; 家
outside,adv. 向外面
carrot,n. 胡萝卜; 胡罗卜
dessert,n. 甜食
drink,v. 喝; 饮 n. 饮料; 酒
know,vt. 知道; 懂得; 认识; 了解
nod,v. 点头; 同意 n. 点头招呼; 打...
one,num. 一 pron. 一个(只)(表...
potato,n. 马铃薯; 土豆
sausage,n. 香肠; 腊肠
shout,v. 大叫
show,v. 把…给人看; 展览; 出示; 示范...
sick,adj. 患病的; 不适的
tea,n. 茶; 茶叶; 茶点
invitation,n. 邀请; 请贴; 请帖
party,n. 晚会; 聚会; 政党; 一组
present,adj. 出席的; 提供; 上演; 介绍...
Chinese,adj. 中国的; 中国(人)的; 汉语...
cupboard,n. 碗柜; 橱柜; 碗橱; 小橱
English,adj. 英国(人)的; 英语的; 英国...
every,det. 每一(天)
fan,n. 扇; 电风扇
hundred,num. 一百
lesson,n. 功课; 课程; 教训; 一节课
maths,n. (缩写词)数学
Physical,n. 体育课
quarter,n. 四分之一; 一刻钟; 地区; 住处
science,n. 科学课
subject,v. 征服; 以…为条件 n. 主题; ...
then,adv. 当时; 那时; 那么; 然后
timetable,n. 课程表; 时刻表; 时间表; 课表
tram,n. 有轨电车
fifty,num. 五十; 五十个
money,n. 货币; 钱
note,n. 纸币
everything,pron. 每件事; 一切事物; 事事;...
park,vt. 停放; 停放车辆 n. 公园; ...
sign,v. 签名 vi. 做暗号; 作手势 n...
swimming pool,游泳池
jungle,n. 丛林; 密林; 原始林; 热带丛林
through,prep. 穿过; 通过; 经过
zoo,n. 动物园
zoo-keeper,n. 动物园管理员
cocoon,n. 蚕茧
feeler,n. 触角; 触须
lay,v. 放置; 生蛋
spell,vt. 拼写 vi. 拼字
wing,n. 翼; 翅膀; 边锋; 侧厅
become,v. 成为; 变为
catch,v. 抓住 vt. 捕捉; 赶上(车);...
diver,n. 跳水者
dolphin,n. 海豚
garden,n. 花园; 菜园; 公园
island,n. 岛; 岛屿; (道路上的)交通安全...
ocean,n. 洋; 海洋; 大量; 许多
place,n. 地点; 地方; 地区
seal,vt. 盖章于; 封; 密封 n. 印章...
shark,n. 鲨鱼; 勒索者; 诈骗者; 放高利...
tower,v. 高耸; 屹立 n. 塔
whale,n. 鲸鱼; 庞然大物
outside,prep. 在…外面
rise,v. 升高; 上涨
in front of,prep. 在前面
plum,adj. 待遇好的 n. 李子; 梅子
or,conj. 或者; 还是; 不然; 否则
glasses,n. 眼镜
flat,n. 单元房
shadow,n. 影子; 阴影
cherry,n. 樱桃(树)
tie,vt. (用绳等)系; 拴; 系上; 扎...
awake,adj. 醒着的 v. 唤醒; 使觉醒
string,n. 线; 细绳; 带子
musical,adj. 音乐的; 悦耳的
wheel,n. 轮子
careful,adj. 小心谨慎的; 小心的; 仔细的
asleep,adj. 睡着的; 熟睡的
shaker,n. 摇动器; 混合器
hammer,n. 锤; 榔头; 锤子; 锣锤
screwdriver,n. 螺丝起子; 螺丝刀; 改锥
over,prep. 在…上方
instrument,n. 器械
lady,n. 女士; 夫人; 小姐
empty,adj. 空的; 空洞的; 空虚的 vt...
mine,pron. 我的(东西)
move,v. 移开; 搬家
parcel,v. 打包; 捆扎 n. 包裹; 小包;...
cushion,vt. 装垫子; 缓冲 n. 座垫; 垫...
yours,pron. 你的; 你们的(名词性)
fluffy,adj. 绒毛的; 蓬松的
smoke,v. 吸烟; 冒烟 n. 烟
castle,n. 堡垒; 城堡
same,adj. (通常和the连用)同样地; ...
goose,n. 鹅; 鹅肉
save,v. 救; 搭救; 挽救
rich,adj. 有钱的; 富裕的; 富有的; ...
with,prep. 和…一起; 用
beanstalk,n. 豆茎; 豆芽
sell,v. 卖; 销售
poor,adj. 贫穷的; 贫困的
giant,adj. 巨大的 n. 巨人
different,adj. 不同的; 各种的
lost,adj. 迷路的
on,adv. 向前; 靠近; 临近; 进展 ...
step,v. 走; 踏足 vi. 跨上; 登上 ...
up,adv. 向上 prep. 向上游
breakfast,vi. 吃早饭 n. 早饭; 早餐
ask,v. 问：要求 vt. 问; 询问; 请...
computer,n. 电脑; 计算机; 电子计算器
dinosaur,n. 恐龙
puppet,n. (木偶戏用的)木偶; 玩偶; 木偶...
visit,v. 参观; 访问; 探望
key,adj. 基本的 n. 答案; 钥匙; ...
constable,n. 警察
shelf,n. 书架; 架子; 搁板
rug,n. 小地毯; 厚毛毯
roll,v. 滚动; 打滚; (使)滚动
lamp,n. 灯; 油灯; 光源
tadpole,n. 蝌蚪
were,v. are的过去时
open,adj. 开着的; 开放的; 营业中的;...
hers,pron. 她的(东西)
score,v. 游戏; 竞赛运动中得分; 比分
goal,n. 得分
shower,n. 阵雨; 淋浴
noisy,adj. 吵闹的; 嘈杂的
build,v. 建筑; 造 vt. 建造
degree,n. 学位; 学衔; 度数
age,v. 变老; 老年; 长时间; (使)变...
millimetre,n. 毫米; 毫升
temperature,n. 气温; 体温
everything,pron. 每件事; 一切事物; 事事;...
rat,n. 老鼠; 鼠; 卑鄙的人; 叛徒
plant,v. 种植; 播种
age,v. 变老; 老年; 长时间; (使)变...
always,adv. 总是; 一直
estate,n. 土地; 地产; 房地产; 财产
family,n. 家; 家庭; 家族
meet,v. 遇到; 会见
member,n. 成员; 会员; 社员
never,adv. 从未; 未曾
only,adj. 唯一的 adv. 只; 仅仅 ...
right,adv. 直接地; 恰好; 立即 adj...
sometimes,adv. 有时; 不时; 有时候
than,conj. 用于形容词; 副词的比较级之...
usually,adv. 通常; 平常; 一般
young,adj. 年轻的; 幼小的
after school,adv.放学后；课外；课余
centimetre,n. 公分; 厘米
cycle,v. 骑自行车; 循环 n. 自行车; ...
dress up,穿上盛装; 乔装打扮; 精心打扮
each other,互相(多用作宾语)
housing estate,房地产业
heavy,adj. 粗大的; 沉重的
height,n. 高; 高度; 身高; 顶点
how about,那…怎么样; (你觉得)…怎么样
just,adj. 公平的; 应得的; 方才; 刚...
kilogramme,n. 千克; 公斤
like,v. 希望; 想要 vt. 喜欢; 喜爱...
puppy,n. 小狗; 幼犬
share,v. 分享; 共享 vt. 分配
skate,v. 滑冰; 溜冰
together,adv. 一起; 共同
weekend,n. 周末; 周末假期
at the weekend,在周末
weight,n. 重量; 体重; 砝码; 重大
ferry,vt. 运送 n. 渡船; 渡口
get to,到达(某地); 到达; 抓住问题的要害;...
loudly,adv. 大声地
love,n. 爱情; 爱; 爱好
museum,n. 博物馆; [美]展览馆
nut,n. 坚果; 干果; 螺母; 螺帽
pelican,n. 鹈鹕
pitch,n. 球场
quickly,adv. 快地; 敏捷地
quietly,adv. 静悄悄地
slowly,adv. 慢慢地; 缓慢地
soon,adv. 不久; 很快
space,n. 空间; 太空
tomorrow,adv. 在明天; 在明日 n. 明天
toucan,n. 巨嘴鸟; 犀鸟
yesterday,n.&adv. 昨天
fire-engine,n. 消防车
job,n. 职业; 工作
make,vt. 做; 制造; 使得
plane,n. 飞机; 平面; 水平
put out,熄灭; 关(灯); 出版; 公布
safe,adj. 安全的; 无风险的
spacecraft,n. 航天器; 宇宙飞船
teach,vt. 教; 讲授; 教导(训) vi....
kindergarten,n. 幼儿园; 幼稚园
number,n. 号码; 数字
room,n. 房间; 卧室; 空间; 地方
tennis,n. 网球; 网球运动
tennis,网球场
top,adj. 最高的; 头等的
bus-stop,n. 公共汽车站
crossing,n. 横渡; 横越; 横穿; 十字路口
crowded,adj. 拥挤的; 人多的
foot,n. 英尺(复数feet); 脚
on foot,走路; 步行
get,v. 获得; 得到; 使; 使得 vt....
get off ,vi. (从…)下来; 下车
get on,上(车、船等); 骑上(马等)
jam,v. 堵塞; 使卡住; 挤满 n. 拥挤...
traffic jam,n. 交通阻塞; 交通的拥塞
leave,v. 离开; 离去
litter,v. 乱丢杂物 n. 垃圾; 废物; 杂...
litter bin,废物箱; 垃圾箱
lot,n. 许多; 大量; 签; 抽签
a lot of,许多; 很多; 大量的; 许多的
minibus,n. 小型公共汽车; 微型公共汽车
minute,adj. 微小的; 详细的 n. 分; ...
pavement,n. (英)人行道; (美)铺过的道路
post,n. 柱
lamp post,n. 灯柱
post,vt. 投寄; 邮寄 n. 邮政; 邮局
post box,邮箱 n. 信箱; 信筒
traffic,vi. (非法)交易 n. 交通(量);...
left,adj. 左边的; 左面的; 在左方的 ...
park,vt. 停放; 停放车辆 n. 公园; ...
turn,v. 转向; 转弯; 变为; 圈 vt....
way,n. 道路; 方式; 方法
on one's way to,往…去的路上
wrong,adv. 错误地 adj. 错误的; 错...
zebra crossing,斑马线; 人行横道; 过街人行横道
can,vt. 把…装罐 aux.&v. 能; ...
carton,n. 长形纸匣
cheese,n. 奶酪; 乳酪; 干酪
crab,n. 螃蟹; 蟹肉
dairy product,奶制品; 乳制品
fridge,n. 电冰箱
frozen,adj. 冻结的; 冰冻的
lemonade,n. 柠檬水; 柠檬汽水
lettuce,n. 莴苣; 生菜
onion,n. [植] 洋葱
peach,n. 桃子; 桃树; 桃红色
product,n. 产品; 产物; 乘积; 成果
section,n. 地段; 分区; 部分; 区域
snacks,n. 快餐; 小吃
spend,v. 花费(金钱等)
squid,n. 鱿鱼
steak,n. 大块牛肉片; 牛排; 大块肉(或鱼...
tomato,n. 西红柿; 蕃茄
cereals,谷类食品; 谷类
choose,vt. 选择; 挑选; 情愿; 决定
congee,n. 粥
ever,adv. 也; 曾经; 在任何时候
favourite,adj. 最喜爱的; 特别受喜爱的 n....
fried,adj. 油煎的; 油炸的 fry的过去...
list,n. 清单; 一览表; 名单; 目录
menu,n. 菜单; 饭菜; 菜肴
pancake,烘饼; 烤薄饼 n. 薄煎饼; 烙饼
salad,n. 色拉; 凉拌菜; 生菜
soup,n. 汤; 羹
soya milk,n. 豆奶; 豆浆
sundae,n. 圣代冰淇淋
sushi,n. 寿司(一种日本食品); 寿司(一种...
toast,n. 烤面包; 吐司面包
wing,n. 翼; 翅膀; 边锋; 侧厅
chicken wing,鸡翅
bad,adj. 坏的; 不健康的; 不利的
diet,v. 节食 n. 日常饮食; 规定饮食;...
enough,adv. 足够地; 充分地; 很; 相当...
fish finger,n. 鱼条
ham,n. 火腿; 无线电收发报业余爱好者
hard,adv. 努力地; 勤劳地; 猛烈地; ...
healthy,adj. 健康的; 健壮的; 有益健康的
little,adj. 小的; 一点; 少的
a little,一点; 少量; 一些; 少许
page,vt. (通过扩音器、传呼机等)呼叫 n...
piece,n. 篇; 首; 片; 块…
a piece of,一张片; 块; …
pizza,n. 比萨饼; (意大利)烤馅饼; 烘馅...
plate,n. 板; 片; 盘
plenty of,indef.&det. 充足的; 相当多...
slice,v. 把…切成片 n. 薄片; 切片; ...
a slice of,一片…
soft drink,软饮料; 软饮(不含酒精的饮料)
think,v. 思考; 考虑; 想起; 想
unhealthy,adj. 不健康的; 不卫生的
yoghurt,n. 酸奶; 酸乳酪
Canada,n. 加拿大[北美洲]
come from,来自于; 来(自); 出生(于)
each,adj. 各自的; 每 pron. 每一...
Japan,n. 日本; 日本国
lay the table ,摆设餐具(准备吃饭); 摆放桌子
mix,v. 使混合
mixture,n. 混合体; 混合; 混合物
New,新西兰(地名) n. 新西兰(大洋洲)
oven,n. 炉; 灶; 烘箱
peel,vt. 剥(皮); 削(皮)
shopping,n. 买东西; 购物
go shopping,去买东西; 去购物
Thailand,n. 泰国(亚洲)
tin,n. 洋铁罐; 听; 罐头
arrive,v. 到达; 来临
back,adv. 回原处; 回去 adj. 后面...
basketball,n. 篮球; 篮球运动
compass,n. 罗盘; 指南针; 圆规
east,adj. 在东方的; 东部的 n. 东方...
end,vt. 结束 n. 结束; 终点; 末端...
except,prep. 除…之外; 除非
leap year,闰年
map,n. 地图; 图; 天体图
needle,n. 针; 指针
noon,n. 正午; 中午
north,adv. 向北 adj. 北方的 n. ...
railway,n. 铁路; 铁道部门
rest,n. 剩余部分; 其余的(人或物)
south,adv. 在南方 adj. 南方的; 南...
visit,v. 游览; 参观
west,n.&adj. 西; 西方(的) n. ...
Chinese New Year,春节
clothes,n. 衣服; 服装; 被褥
fish,v. 捞取; 探听 vi. 钓鱼 n. ...
forecast,vt. 预言; 预示 vt.&n. 预测...
holiday,n. 假日; 节日; 假期
hotel,n. 旅馆; 宾馆
relative,adj. 相对的; 比较的 n. 亲属;...
river,n. 江; 河; 水道
sandal,n. 凉鞋; 便鞋
shorts,n. 短裤; 短运动裤
snow,v. 下雪 n. 雪
stay,v. 暂住; 逗留
thanks,n. 谢谢(只用复数)
then,adv. 当时; 那时; 那么; 然后
ticket,n. 票; 券; 车票; 入场券
trip,n. (短途)旅行; 旅程
go on a trip,去旅行
when,conj. 在那个时候; 当…时
will,v.&n. 将要; 意志 v.&aux....
decoration,n. 装饰品; 装饰; 装潢; 勋章
dumpling,n. 饺子; 馄饨; 汤团
festival,n. 节日; 喜庆日; 文化娱乐的节日
Dragon Boat Festival,端午节
Lantern Festival,灯节; 元宵节
mooncake,n. 月饼
race,n. 竞赛
special,adj. 特别的; 特殊的; 个人的
thousand,adj. 一千的 num. 千; 千个成...
thousands,成千的; 成千上万的
cinema,n. 电影院; 电影(业); 电影艺术
collect,v. 收集; 搜集; 收藏
collect,集邮
jump,v. 跳; 跳跃 vt. 跳过 vi. ...
high jump,跳高
model,n. 模型; 样品; 原型; 模特儿
sew,vt. 缝制; 缝补 vi. 缝纫
sport,vt. 炫耀; 夸示 n. 体育运动; ...
stamp,v. 盖章 v.&n. 顿足; 邮票 n...
table-tennis,乒乓球
video,n. 电视; 视频; 录象
volleyball,n. 排球; 排球运动
bear,v. 具有; 记(在心里); 粗鲁的人;...
be born,出生于…
feather,n. 羽毛; 翎毛; 羽状物
few,很少数
a few,一点儿; 少许; 一些; 少数几个
fight,v. 打仗; 战斗
length,n. 长; 长度; 一段; 一截
light,adj. 光; 光线; 点燃; 轻的
pin,vt. 钉住 n. 别针
quite,adv. 相当
run away,逃跑; 跑掉
sword,n. 剑; 刀; 武力
think of,考虑; 有…看法
weigh,v. 重(若干); 称…的重量 vt. ...
because,conj. 因为; 由于
begin,v. 开始; 着手
boot,n. 长筒靴; 靴子; 长统靴
exciting,adj. 使激动的; 兴奋的
frightening,adj. 令人惊恐的; 令人害怕的
heavy rain,大雨; 暴雨
interesting,adj. 有趣的; 有意思的
laugh,v. 大笑; 发笑
lie,v. 说谎; 欺骗
more,adv. 更; 更多 adj. 更多的 ...
sandcastle,n. 沙堡; 沙塔
star,n. 星星; 明星
start,vt. 开始; 开动 vi. 开始; 动...
swim,vt. 游过 vi. 游泳; 充满; 充...
have a swim,游泳
tell,v. 告诉; 讲述; 吩咐
wonderful,adj. 美妙的; 了不起的; 极好的;...
builder,n. 建造者; 施工者; 建筑工人; 建...
building,n. 建筑物; 房屋; 大楼; 建筑
change,vt. 交换 n. 零钱; 找头; 兑换...
city,n. 城市; 都市
factory,n. 工厂; 制造厂
fishing,n. 钓鱼; 捕鱼
harbour,n. 港口; 停泊处
history,n. 历史; 历史学; 来历; 经历
hundreds of,成百上千的; 数百的…
million,num.&n. 百万; 百万个(人或物)
more,超过; 多于
next,adj. 下一(个); 与…邻接
other,indef.&det. 另一个人(或物)
story,n. 故事; 小说; 楼层
town,n. 城镇; 市镇; 市民; 城市商业区
village,n. 村庄; 乡村
worker,n. 工人; 工作者; 工作人员
adult,adj. 成年的; 成熟的; 充分长成的...
child,n. 小孩; 儿童; 子女; 孩子
learn,v. 学习; 学; 学会
primary school,小学
secondary school,中学
teenager,n. 13岁到19岁的年轻人
work,n. 工作; 劳动
berry,n. 浆果; 干果仁; 浆果(如草莓等)
can,vt. 把…装罐 aux.&v. 能; ...
cave,n. 山洞; 洞穴; 窑洞
charcoal,n. 炭; 木炭; 木炭; 炭笔
cigarette,n. 纸烟; 香烟; 卷烟
clean,adv. 完全的 adj. 清洁的; 干...
cooked,adj. 煮好的; 烹调好的
countryside,n. 乡下; 农村地区
danger,n. 危险; 危险事物; 威胁
drop,v. 落下 vi. 滴下 n. 滴; 点...
earth,n. 地球; 地上; 泥土
electricity,n. 电; 电学; 电流
first,adv. 首先 adj. 第一的
gas,n. 煤气; 汽油; 天然气; 气体
heat,vt. 把…加热 n. 热量; 热
helicopter,n. 直升飞机; 直升机
home,adv. 到家; 回家 n. 家
light,adj. 光; 光线; 点燃; 轻的
match,v. 匹配; 相配; 相称; 与…匹敌 ...
millions of,数百万的; 成百万的; 许许多多的
out of,在…外; 到…外面; 向…外; 出来
pack,v. 包装; 挤满 vt. 打(行李);...
poster,n. 招贴; 海报; 告示
quick,adv. 快; 迅速地 adj. 快的;...
raw,adj. 生的; 未煮的
rule,n. 规则; 规定
should,v. 应当; 应该 aux.&v. 应该...
some more,再…一些
son,n. 儿子; 孩子(长者对年青或年幼男子...
start,v. 开始; 着手; 出发
still,adj. 静止的; 寂静的 adv. 仍...
Stone Age,n. 石器时代
talk about,谈到; 谈话
without,adv. 在外 prep. 无; 没有
wood,n. 树林; 小森林; 木头; 木材
air,v. 晾; 晾干; 微风; 口气 vt....
alive,adj. 活着的; 存在的; 活跃的; ...
breathe,vt. 呼吸; (低声地)说出 vi. ...
burn,v. 燃烧; 烧着; 烧毁; 灼伤 n....
closed,adj. 关闭的; 关着的
construction,工地
corner,n. 角; 角落; (街道)拐角处; 街...
cry,v. 叫喊; 哭
dirty,adj. 不干净的 vt. 弄脏
district,n. 区; 行政区; 地区; 区域
dust,vt. 去掉…上的灰尘 n. 灰尘; 尘...
for,prep. 为了; 给; 代替; 向 c...
fast,adv. 快速地 adj. 快的
forward,adj.&adv. 向前的; 向前 n....
gently,adv. 温柔地; 轻轻地
handkerchief,n. 手帕; 手绢
happen,vi. 发生; 碰巧; 恰好
heavily,adv. 重重地; 沉重地
high,adv. 高高地 adj. 高的; 高度...
hit,v. 击; 打 vt. 击; 碰撞
however,adv. 然而 conj. 然而; 可是...
hurt,vt. 伤害 vi. 疼痛
keep,v. 保持; 留住
kilometre,n.
lift,v. 举起; 抬起; (云等)消散 n....
long,adj. 长的; 长久; 长时间的; 长...
matter,vi. 要紧; 关系重大 n. 事情; ...
metre,n. 米; 公尺; 仪表; 计量器
object,vi. 反对 n. 实物; 物体; 目标...
open,adj. 开着的; 开放的; 营业中的;...
parachute,v. 跳伞 n. 降落伞
per,prep. 每; 每一; (比率)几分之...
pollution,n. 污染; 污染物
power station,发电站; 发电所
second,num. 第二(个) n. 秒
smell,v. 闻起来; 嗅; 闻到; 散发(…的...
square,adj. 正方形的; 平方的 n. 广场...
stay up,不睡觉; 熬夜; 挺住; 站立
taste,vt. 尝; 辨(味); 品尝; 体验 ...
bath,n. 洗澡; 浴室; 澡盆
broken,adj. 弄坏了的; 坏了的; 破碎的
fork,n. 叉子; 叉; 餐叉
land,v. 着陆; 登陆 n. 陆地; 土地
litre,n. 公升
madam,n. (对妇女的尊称)女士; 夫人
most,adv. 最; 极其 adj. 最多的;...
narrow,adj. 狭窄的; 范围小的; 眼光短浅...
pipe,vt. 用管道输送 n. 管子; 导管;...
plastic,adj. 塑料的 n. 塑料; 塑料制品
pump,v. (用抽水机)抽 n. 泵
reservoir,n. 贮水池; 水库; 蓄水池
seaweed,n. 海草; 海藻
sincerely,adv. 真诚地
sir,n. 先生; 阁下; …爵士
tap,v. 轻叩; 利用; 开发 n. 塞子;...
waterfall,n. 瀑布
well,adv. 好地; 满意地; 健康的 in...
wide,adj. 宽广的; 广阔的
answer,v. 回答; 响应; 符合; 解答 n....
as if,å¥½åƒï¼Œ ä¼¼ä¹Žï¼Œ ...
bright,adj. 明亮的; 聪明的; 机灵的; ...
diamond,n. 钻石; 金刚石; 金钢石; 菱形
dictionary,n. 词典; 字典
end,vt. 结束 n. 结束; 终点; 末端...
fax,vt. 发传真; 把…传真给… n. 传...
forest,n. 森林; 森林地带
hill,n. 小山; 丘陵; 土堆
kill,v. 杀死; 破坏; 毁掉; 消磨(时间...
may,v. 可以; 可能; 也许; 祝 n. ...
part,vi. 分手 n. 部分; 局部; 角色...
pollute,v. 污染; 弄脏
remember,v. 记得; 记住; 记起
send,v. 发送(send的过去式和过去分词)...
skin,v. 剥皮 n. 皮; 皮肤
South,中国南方
starry,adj. 布满星星的; 星光照耀的; 闪...
stream,n. 小河; 溪流
twinkle,vi. 闪烁; 闪耀; 闪闪发光 v.&...
wild,adj. 未开化的; 野蛮的; 失去控制...
wink,n.&v. 眨眼; 使眼色; 闪亮; 闪...
wonder,n.&.&v. 对…感到疑惑
world,n. 世界
daughter,n. 女儿
dead,adv. 完全地; 凋谢的; 无生命的;...
else,adj. 别的; 其他的
granddaughter,n. 孙女; 外孙女
grandson,n. 孙子; 外孙
nephew,n. 侄子; 外甥
niece,n. 侄女; 外甥女
photo,(口语)
relative,adj. 有关系的 n. 亲属
able,adj. 能; 能够; 有能力的; 能干...
botanical,adj. 植物学的; 植物的
call,v. 打电话; 喊; 叫 vi. 来访;...
environment,n. 环境; 周围状况; 自然环境; 四...
find out,v. 找出; 发现; 查明
friendly,adj. 友好的; 和气的; 友谊的
get it,明白; 理解
hardworking,adj. 努力工作的
helpful,adj. 有用的; 有帮助的; 有益的
if,conj. 如果; 假如; 是否; 即使
just,adj. 公平的; 应得的; 方才; 刚...
kind,adj. 仁慈的; 亲切的; 友好的 n...
last,adv. 最后的(地); 最近的; 最后...
lie,v. 说谎 vi. 躺; 平放; 位于 ...
tell a lie,说谎
look after,照顾; 照看; 照料
might,aux. 可能; 也许 aux.&v. ...
others,prep. 另外的人 pron. 其他人
phone,v. 打电话 n. 电话
pick up,拣起; (车等)中途搭人
playtime,n. 玩的时候; 课间休息的时候; 休闲...
promise,vt. 允诺; 答应; 有希望 n. 承...
keep a promise,守信用; 遵守诺言
solve,vt. 解决; 解答(难题)
someone,pron. 某人; 某些人; 有人
sum,n.&.&v. 总数; 和; 总计...
time,n. 时间; 次数; 次; 时期
tonight,adv. 今晚; 今夜 n. 今天晚上
very much,非常地
yet,adv. 到目前为止; 还; 仍然
badminton,n. 羽毛球(运动)
cost,v.&.&n. 值(多少钱); 费...
department store,百货商店
idea,n. 想法; 思想; 意见
mall,n. 购物街; 大型购物中心
market,vt. 销售 n. 市场; 集市; 销路...
somewhere,adv. 某个地方; 某些地方; 在某处...
bank,n. 岸; 银行
businessman,n. (男)商人
businesswoman,n. 女商人
clerk,n. 职员; 店员; 办事员; (法庭中...
finish,vt. 完成; 结束 n. 结束; 最后...
if,conj. 如果; 假使; 是否
project,v. 投射; 伸出 n. 方案; 计划;...
secretary,n. 秘书; 书记; 部长; 大臣
would,v. 愿意; 要 aux.&v. wil...
board,n. 木板; 纸板; 伙食; 董事会
choir,n. 唱诗班; 合唱队; (教会的)歌唱...
club,v. 用棍棒打 n. 俱乐部; 夜总会;...
covered,被覆盖的
entrance,n. 进入; 入口; 门口; 入场
information,n. 通知; 报告; 消息; 情报
invite,vt. 邀请; 请求; 引起
parent,n. 父母亲
programme,n. 节目; 程序; 计划
staff,n. 全体人员; (全体)工作人员; (...
